,TIMESTAMP,CLOSE
0,2017-01-01,998.33
1,2017-01-02,1021.75
2,2017-01-03,1043.84
3,2017-01-04,1154.73
4,2017-01-05,1013.38
5,2017-01-06,902.2
6,2017-01-07,908.59
7,2017-01-08,911.2
8,2017-01-09,902.83
9,2017-01-10,907.68
10,2017-01-11,777.76
11,2017-01-12,804.83
12,2017-01-13,823.98
13,2017-01-14,818.41
14,2017-01-15,821.8
15,2017-01-16,831.53
16,2017-01-17,907.94
17,2017-01-18,886.62
18,2017-01-19,899.07
19,2017-01-20,895.03
20,2017-01-21,921.79
21,2017-01-22,924.67
22,2017-01-23,921.01
23,2017-01-24,892.69
24,2017-01-25,901.54
25,2017-01-26,917.59
26,2017-01-27,919.75
27,2017-01-28,921.59
28,2017-01-29,919.5
29,2017-01-30,920.38
30,2017-01-31,970.4
31,2017-02-01,989.02
32,2017-02-02,1011.8
33,2017-02-03,1029.91
34,2017-02-04,1042.9
35,2017-02-05,1027.34
36,2017-02-06,1038.15
37,2017-02-07,1061.35
38,2017-02-08,1063.07
39,2017-02-09,994.38
40,2017-02-10,988.67
41,2017-02-11,1004.45
42,2017-02-12,999.18
43,2017-02-13,990.64
44,2017-02-14,1004.55
45,2017-02-15,1007.48
46,2017-02-16,1027.44
47,2017-02-17,1046.21
48,2017-02-18,1054.42
49,2017-02-19,1047.87
50,2017-02-20,1079.98
51,2017-02-21,1115.3
52,2017-02-22,1117.44
53,2017-02-23,1166.72
54,2017-02-24,1173.68
55,2017-02-25,1143.84
56,2017-02-26,1165.2
57,2017-02-27,1179.97
58,2017-02-28,1179.97
59,2017-03-01,1222.5
60,2017-03-02,1251.01
61,2017-03-03,1274.99
62,2017-03-04,1255.15
63,2017-03-05,1267.12
64,2017-03-06,1272.83
65,2017-03-07,1223.54
66,2017-03-08,1150.0
67,2017-03-09,1188.49
68,2017-03-10,1116.72
69,2017-03-11,1175.83
70,2017-03-12,1221.38
71,2017-03-13,1231.92
72,2017-03-14,1240.0
73,2017-03-15,1249.61
74,2017-03-16,1187.81
75,2017-03-17,1100.23
76,2017-03-18,973.82
77,2017-03-19,1036.74
78,2017-03-20,1054.23
79,2017-03-21,1120.54
80,2017-03-22,1049.14
81,2017-03-23,1038.59
82,2017-03-24,937.52
83,2017-03-25,972.78
84,2017-03-26,966.72
85,2017-03-27,1045.77
86,2017-03-28,1047.15
87,2017-03-29,1039.97
88,2017-03-30,1026.43
89,2017-03-31,1071.79
90,2017-04-01,1080.5
91,2017-04-02,1102.17
92,2017-04-03,1143.81
93,2017-04-04,1133.25
94,2017-04-05,1124.78
95,2017-04-06,1182.68
96,2017-04-07,1176.9
97,2017-04-08,1175.95
98,2017-04-09,1187.87
99,2017-04-10,1187.13
100,2017-04-11,1205.01
101,2017-04-12,1200.37
102,2017-04-13,1169.28
103,2017-04-14,1167.54
104,2017-04-15,1172.52
105,2017-04-16,1182.94
106,2017-04-17,1193.91
107,2017-04-18,1211.67
108,2017-04-19,1210.29
109,2017-04-20,1229.08
110,2017-04-21,1222.05
111,2017-04-22,1231.71
112,2017-04-23,1207.21
113,2017-04-24,1250.15
114,2017-04-25,1265.49
115,2017-04-26,1281.08
116,2017-04-27,1317.73
117,2017-04-28,1316.48
118,2017-04-29,1321.79
119,2017-04-30,1347.89
120,2017-05-01,1421.6
121,2017-05-02,1452.82
122,2017-05-03,1490.09
123,2017-05-04,1537.67
124,2017-05-05,1555.45
125,2017-05-06,1578.8
126,2017-05-07,1596.71
127,2017-05-08,1723.35
128,2017-05-09,1755.36
129,2017-05-10,1787.13
130,2017-05-11,1848.57
131,2017-05-12,1724.24
132,2017-05-13,1804.91
133,2017-05-14,1808.91
134,2017-05-15,1738.43
135,2017-05-16,1734.45
136,2017-05-17,1839.09
137,2017-05-18,1888.65
138,2017-05-19,1987.71
139,2017-05-20,2084.73
140,2017-05-21,2041.2
141,2017-05-22,2173.4
142,2017-05-23,2320.42
143,2017-05-24,2443.64
144,2017-05-25,2304.98
145,2017-05-26,2202.42
146,2017-05-27,2038.87
147,2017-05-28,2155.8
148,2017-05-29,2255.61
149,2017-05-30,2175.47
150,2017-05-31,2286.41
151,2017-06-01,2407.88
152,2017-06-02,2488.55
153,2017-06-03,2515.35
154,2017-06-04,2511.81
155,2017-06-05,2686.81
156,2017-06-06,2863.2
157,2017-06-07,2732.16
158,2017-06-08,2805.62
159,2017-06-09,2823.81
160,2017-06-10,2947.71
161,2017-06-11,2958.11
162,2017-06-12,2659.63
163,2017-06-13,2717.02
164,2017-06-14,2506.37
165,2017-06-15,2464.58
166,2017-06-16,2518.56
167,2017-06-17,2655.88
168,2017-06-18,2548.29
169,2017-06-19,2589.6
170,2017-06-20,2721.79
171,2017-06-21,2689.1
172,2017-06-22,2705.41
173,2017-06-23,2744.91
174,2017-06-24,2608.72
175,2017-06-25,2589.41
176,2017-06-26,2478.45
177,2017-06-27,2552.45
178,2017-06-28,2574.79
179,2017-06-29,2539.32
180,2017-06-30,2480.84
181,2017-07-01,2434.55
182,2017-07-02,2506.47
183,2017-07-03,2564.06
184,2017-07-04,2601.64
185,2017-07-05,2601.99
186,2017-07-06,2608.56
187,2017-07-07,2518.66
188,2017-07-08,2571.34
189,2017-07-09,2518.44
190,2017-07-10,2372.56
191,2017-07-11,2337.79
192,2017-07-12,2398.84
193,2017-07-13,2357.9
194,2017-07-14,2233.34
195,2017-07-15,1998.86
196,2017-07-16,1929.82
197,2017-07-17,2228.41
198,2017-07-18,2318.88
199,2017-07-19,2273.43
200,2017-07-20,2817.6
201,2017-07-21,2667.76
202,2017-07-22,2810.12
203,2017-07-23,2730.4
204,2017-07-24,2754.86
205,2017-07-25,2576.48
206,2017-07-26,2529.45
207,2017-07-27,2671.78
208,2017-07-28,2809.01
209,2017-07-29,2726.45
210,2017-07-30,2757.18
211,2017-07-31,2875.34
212,2017-08-01,2718.26
213,2017-08-02,2710.67
214,2017-08-03,2804.73
215,2017-08-04,2895.89
216,2017-08-05,3252.91
217,2017-08-06,3213.94
218,2017-08-07,3378.94
219,2017-08-08,3419.94
220,2017-08-09,3342.47
221,2017-08-10,3381.28
222,2017-08-11,3650.62
223,2017-08-12,3884.71
224,2017-08-13,4073.26
225,2017-08-14,4325.13
226,2017-08-15,4181.93
227,2017-08-16,4376.63
228,2017-08-17,4331.69
229,2017-08-18,4160.62
230,2017-08-19,4193.7
231,2017-08-20,4087.66
232,2017-08-21,4001.74
233,2017-08-22,4100.52
234,2017-08-23,4151.52
235,2017-08-24,4334.68
236,2017-08-25,4371.6
237,2017-08-26,4352.4
238,2017-08-27,4382.88
239,2017-08-28,4382.66
240,2017-08-29,4579.02
241,2017-08-30,4565.3
242,2017-08-31,4703.39
243,2017-09-01,4892.01
244,2017-09-02,4578.77
245,2017-09-03,4582.96
246,2017-09-04,4236.31
247,2017-09-05,4376.53
248,2017-09-06,4597.12
249,2017-09-07,4599.88
250,2017-09-08,4228.75
251,2017-09-09,4226.06
252,2017-09-10,4122.94
253,2017-09-11,4161.27
254,2017-09-12,4130.81
255,2017-09-13,3882.59
256,2017-09-14,3154.95
257,2017-09-15,3637.52
258,2017-09-16,3625.04
259,2017-09-17,3582.88
260,2017-09-18,4065.2
261,2017-09-19,3924.97
262,2017-09-20,3905.95
263,2017-09-21,3631.04
264,2017-09-22,3630.7
265,2017-09-23,3792.4
266,2017-09-24,3682.84
267,2017-09-25,3926.07
268,2017-09-26,3892.35
269,2017-09-27,4200.67
270,2017-09-28,4174.73
271,2017-09-29,4163.07
272,2017-09-30,4338.71
273,2017-10-01,4403.74
274,2017-10-02,4409.32
275,2017-10-03,4317.48
276,2017-10-04,4229.36
277,2017-10-05,4328.41
278,2017-10-06,4370.81
279,2017-10-07,4426.89
280,2017-10-08,4610.48
281,2017-10-09,4772.02
282,2017-10-10,4781.99
283,2017-10-11,4826.48
284,2017-10-12,5446.91
285,2017-10-13,5647.21
286,2017-10-14,5831.79
287,2017-10-15,5678.19
288,2017-10-16,5725.59
289,2017-10-17,5605.51
290,2017-10-18,5590.69
291,2017-10-19,5708.52
292,2017-10-20,6011.45
293,2017-10-21,6031.6
294,2017-10-22,6008.42
295,2017-10-23,5930.32
296,2017-10-24,5526.64
297,2017-10-25,5750.8
298,2017-10-26,5904.83
299,2017-10-27,5780.9
300,2017-10-28,5753.09
301,2017-10-29,6153.85
302,2017-10-30,6130.53
303,2017-10-31,6468.4
304,2017-11-01,6767.31
305,2017-11-02,7078.5
306,2017-11-03,7207.76
307,2017-11-04,7379.95
308,2017-11-05,7407.41
309,2017-11-06,7022.76
310,2017-11-07,7144.38
311,2017-11-08,7459.69
312,2017-11-09,7143.58
313,2017-11-10,6618.14
314,2017-11-11,6357.6
315,2017-11-12,5950.07
316,2017-11-13,6559.49
317,2017-11-14,6635.75
318,2017-11-15,7315.54
319,2017-11-16,7871.69
320,2017-11-17,7708.99
321,2017-11-18,7790.15
322,2017-11-19,8036.49
323,2017-11-20,8200.64
324,2017-11-21,8071.26
325,2017-11-22,8253.55
326,2017-11-23,8038.77
327,2017-11-24,8253.69
328,2017-11-25,8790.92
329,2017-11-26,9330.55
330,2017-11-27,9818.35
331,2017-11-28,10058.8
332,2017-11-29,9888.61
333,2017-11-30,10233.6
334,2017-12-01,10975.6
335,2017-12-02,11074.6
336,2017-12-03,11323.2
337,2017-12-04,11657.2
338,2017-12-05,11916.7
339,2017-12-06,14291.5
340,2017-12-07,17899.7
341,2017-12-08,16569.4
342,2017-12-09,15178.2
343,2017-12-10,15455.4
344,2017-12-11,16936.8
345,2017-12-12,17415.4
346,2017-12-13,16408.2
347,2017-12-14,16564.0
348,2017-12-15,17706.9
349,2017-12-16,19497.4
350,2017-12-17,19140.8
351,2017-12-18,19114.2
352,2017-12-19,17776.7
353,2017-12-20,16624.6
354,2017-12-21,15802.9
355,2017-12-22,13831.8
356,2017-12-23,14699.2
357,2017-12-24,13925.8
358,2017-12-25,14026.6
359,2017-12-26,16099.8
360,2017-12-27,15838.5
361,2017-12-28,14606.5
362,2017-12-29,14656.2
363,2017-12-30,12952.2
364,2017-12-31,14156.4
365,2018-01-01,13657.2
366,2018-01-02,14982.1
367,2018-01-03,15201.0
368,2018-01-04,15599.2
369,2018-01-05,17429.5
370,2018-01-06,17527.0
371,2018-01-07,16477.6
372,2018-01-08,15170.1
373,2018-01-09,14595.4
374,2018-01-10,14973.3
375,2018-01-11,13405.8
376,2018-01-12,13980.6
377,2018-01-13,14360.2
378,2018-01-14,13772.0
379,2018-01-15,13819.8
380,2018-01-16,11490.5
381,2018-01-17,11188.6
382,2018-01-18,11474.9
383,2018-01-19,11607.4
384,2018-01-20,12899.2
385,2018-01-21,11600.1
386,2018-01-22,10931.4
387,2018-01-23,10868.4
388,2018-01-24,11359.4
389,2018-01-25,11259.4
390,2018-01-26,11171.4
391,2018-01-27,11440.7
392,2018-01-28,11786.3
393,2018-01-29,11296.4
394,2018-01-30,10106.3
395,2018-01-31,10221.1
396,2018-02-01,9170.54
397,2018-02-02,8830.75
398,2018-02-03,9174.91
399,2018-02-04,8277.01
400,2018-02-05,6955.27
401,2018-02-06,7754.0
402,2018-02-07,7621.3
403,2018-02-08,8265.59
404,2018-02-09,8736.98
405,2018-02-10,8621.9
406,2018-02-11,8129.97
407,2018-02-12,8926.57
408,2018-02-13,8598.31
409,2018-02-14,9494.63
410,2018-02-15,10166.4
411,2018-02-16,10233.9
412,2018-02-17,11112.7
413,2018-02-18,10551.8
414,2018-02-19,11225.3
415,2018-02-20,11403.7
416,2018-02-21,10690.4
417,2018-02-22,10005.0
418,2018-02-23,10301.1
419,2018-02-24,9813.07
420,2018-02-25,9664.73
421,2018-02-26,10366.7
422,2018-02-27,10725.6
423,2018-02-28,10397.9
424,2018-03-01,10951.0
425,2018-03-02,11086.4
426,2018-03-03,11489.7
427,2018-03-04,11512.6
428,2018-03-05,11573.3
429,2018-03-06,10779.9
430,2018-03-07,9965.57
431,2018-03-08,9395.01
432,2018-03-09,9337.55
433,2018-03-10,8866.0
434,2018-03-11,9578.63
435,2018-03-12,9205.12
436,2018-03-13,9194.85
437,2018-03-14,8269.81
438,2018-03-15,8300.86
439,2018-03-16,8338.35
440,2018-03-17,7916.88
441,2018-03-18,8223.68
442,2018-03-19,8630.65
443,2018-03-20,8913.47
444,2018-03-21,8929.28
445,2018-03-22,8728.47
446,2018-03-23,8879.62
447,2018-03-24,8668.12
448,2018-03-25,8495.78
449,2018-03-26,8209.4
450,2018-03-27,7833.04
451,2018-03-28,7954.48
452,2018-03-29,7165.7
453,2018-03-30,6890.52
454,2018-03-31,6973.53
455,2018-04-01,6844.23
456,2018-04-02,7083.8
457,2018-04-03,7456.11
458,2018-04-04,6853.84
459,2018-04-05,6811.47
460,2018-04-06,6636.32
461,2018-04-07,6911.09
462,2018-04-08,7023.52
463,2018-04-09,6770.73
464,2018-04-10,6834.76
465,2018-04-11,6968.32
466,2018-04-12,7889.25
467,2018-04-13,7895.96
468,2018-04-14,7986.24
469,2018-04-15,8329.11
470,2018-04-16,8058.67
471,2018-04-17,7902.09
472,2018-04-18,8163.42
473,2018-04-19,8294.31
474,2018-04-20,8845.83
475,2018-04-21,8895.58
476,2018-04-22,8802.46
477,2018-04-23,8930.88
478,2018-04-24,9697.5
479,2018-04-25,8845.74
480,2018-04-26,9281.51
481,2018-04-27,8987.05
482,2018-04-28,9348.48
483,2018-04-29,9419.08
484,2018-04-30,9240.55
485,2018-05-01,9119.01
486,2018-05-02,9235.92
487,2018-05-03,9743.86
488,2018-05-04,9700.76
489,2018-05-05,9858.15
490,2018-05-06,9654.8
491,2018-05-07,9373.01
492,2018-05-08,9234.82
493,2018-05-09,9325.18
494,2018-05-10,9043.94
495,2018-05-11,8441.49
496,2018-05-12,8504.89
497,2018-05-13,8723.94
498,2018-05-14,8716.79
499,2018-05-15,8510.38
500,2018-05-16,8368.83
501,2018-05-17,8094.32
502,2018-05-18,8250.97
503,2018-05-19,8247.18
504,2018-05-20,8513.25
505,2018-05-21,8418.99
506,2018-05-22,8041.78
507,2018-05-23,7557.82
508,2018-05-24,7587.34
509,2018-05-25,7480.14
510,2018-05-26,7355.88
511,2018-05-27,7368.22
512,2018-05-28,7135.99
513,2018-05-29,7472.59
514,2018-05-30,7406.52
515,2018-05-31,7494.17
516,2018-06-01,7541.45
517,2018-06-02,7643.45
518,2018-06-03,7720.25
519,2018-06-04,7514.47
520,2018-06-05,7633.76
521,2018-06-06,7653.98
522,2018-06-07,7678.24
523,2018-06-08,7624.92
524,2018-06-09,7531.98
525,2018-06-10,6786.02
526,2018-06-11,6906.92
527,2018-06-12,6582.36
528,2018-06-13,6349.9
529,2018-06-14,6675.35
530,2018-06-15,6456.58
531,2018-06-16,6550.16
532,2018-06-17,6499.27
533,2018-06-18,6734.82
534,2018-06-19,6769.94
535,2018-06-20,6776.55
536,2018-06-21,6729.74
537,2018-06-22,6083.69
538,2018-06-23,6162.48
539,2018-06-24,6173.23
540,2018-06-25,6249.18
541,2018-06-26,6093.67
542,2018-06-27,6157.13
543,2018-06-28,5903.44
544,2018-06-29,6218.3
545,2018-06-30,6404.0
546,2018-07-01,6385.82
547,2018-07-02,6614.18
548,2018-07-03,6529.59
549,2018-07-04,6597.55
550,2018-07-05,6639.14
551,2018-07-06,6673.5
552,2018-07-07,6856.93
553,2018-07-08,6773.88
554,2018-07-09,6741.75
555,2018-07-10,6329.95
556,2018-07-11,6394.71
557,2018-07-12,6228.81
558,2018-07-13,6238.05
559,2018-07-14,6276.12
560,2018-07-15,6359.64
561,2018-07-16,6741.75
562,2018-07-17,7321.04
563,2018-07-18,7370.78
564,2018-07-19,7466.86
565,2018-07-20,7354.13
566,2018-07-21,7419.29
567,2018-07-22,7418.49
568,2018-07-23,7711.11
569,2018-07-24,8424.27
570,2018-07-25,8181.39
571,2018-07-26,7951.58
572,2018-07-27,8165.01
573,2018-07-28,8192.15
574,2018-07-29,8218.46
575,2018-07-30,8180.48
576,2018-07-31,7780.44
577,2018-08-01,7624.91
578,2018-08-02,7567.15
579,2018-08-03,7434.39
580,2018-08-04,7032.85
581,2018-08-05,7068.48
582,2018-08-06,6951.8
583,2018-08-07,6753.12
584,2018-08-08,6305.8
585,2018-08-09,6568.23
586,2018-08-10,6184.71
587,2018-08-11,6295.73
588,2018-08-12,6322.69
589,2018-08-13,6297.57
590,2018-08-14,6199.71
591,2018-08-15,6308.52
592,2018-08-16,6334.73
593,2018-08-17,6580.63
594,2018-08-18,6423.76
595,2018-08-19,6506.07
596,2018-08-20,6308.53
597,2018-08-21,6488.76
598,2018-08-22,6376.71
599,2018-08-23,6534.88
600,2018-08-24,6719.96
601,2018-08-25,6763.19
602,2018-08-26,6707.26
603,2018-08-27,6884.64
604,2018-08-28,7096.28
605,2018-08-29,7047.16
606,2018-08-30,6978.23
607,2018-08-31,7037.58
608,2018-09-01,7193.25
609,2018-09-02,7272.72
610,2018-09-03,7260.06
611,2018-09-04,7361.66
612,2018-09-05,6792.83
613,2018-09-06,6529.17
614,2018-09-07,6467.07
615,2018-09-08,6225.98
616,2018-09-09,6300.86
617,2018-09-10,6329.7
618,2018-09-11,6321.2
619,2018-09-12,6351.8
620,2018-09-13,6517.31
621,2018-09-14,6512.71
622,2018-09-15,6543.2
623,2018-09-16,6517.18
624,2018-09-17,6281.2
625,2018-09-18,6371.3
626,2018-09-19,6398.54
627,2018-09-20,6519.67
628,2018-09-21,6734.95
629,2018-09-22,6721.98
630,2018-09-23,6710.63
631,2018-09-24,6595.41
632,2018-09-25,6446.47
633,2018-09-26,6495.0
634,2018-09-27,6676.75
635,2018-09-28,6644.13
636,2018-09-29,6601.96
637,2018-09-30,6625.56
638,2018-10-01,6589.62
639,2018-10-02,6556.1
640,2018-10-03,6502.59
641,2018-10-04,6576.69
642,2018-10-05,6622.48
643,2018-10-06,6588.31
644,2018-10-07,6602.95
645,2018-10-08,6652.23
646,2018-10-09,6642.64
647,2018-10-10,6585.53
648,2018-10-11,6256.24
649,2018-10-12,6274.58
650,2018-10-13,6285.99
651,2018-10-14,6290.93
652,2018-10-15,6596.54
653,2018-10-16,6596.11
654,2018-10-17,6544.43
655,2018-10-18,6476.71
656,2018-10-19,6465.41
657,2018-10-20,6489.19
658,2018-10-21,6482.35
659,2018-10-22,6487.16
660,2018-10-23,6475.74
661,2018-10-24,6495.84
662,2018-10-25,6476.29
663,2018-10-26,6474.75
664,2018-10-27,6480.38
665,2018-10-28,6486.39
666,2018-10-29,6332.63
667,2018-10-30,6334.27
668,2018-10-31,6317.61
669,2018-11-01,6377.78
670,2018-11-02,6388.44
671,2018-11-03,6361.26
672,2018-11-04,6376.13
673,2018-11-05,6419.66
674,2018-11-06,6461.01
675,2018-11-07,6530.14
676,2018-11-08,6453.72
677,2018-11-09,6385.62
678,2018-11-10,6409.22
679,2018-11-11,6411.27
680,2018-11-12,6371.27
681,2018-11-13,6359.49
682,2018-11-14,5738.35
683,2018-11-15,5648.03
684,2018-11-16,5575.55
685,2018-11-17,5554.33
686,2018-11-18,5623.54
687,2018-11-19,4871.49
688,2018-11-20,4451.87
689,2018-11-21,4602.17
690,2018-11-22,4365.94
691,2018-11-23,4347.11
692,2018-11-24,3880.76
693,2018-11-25,4009.97
694,2018-11-26,3779.13
695,2018-11-27,3820.72
696,2018-11-28,4257.42
697,2018-11-29,4278.85
698,2018-11-30,4017.27
699,2018-12-01,4214.67
700,2018-12-02,4139.88
701,2018-12-03,3894.13
702,2018-12-04,3956.89
703,2018-12-05,3753.99
704,2018-12-06,3521.1
705,2018-12-07,3419.94
706,2018-12-08,3476.11
707,2018-12-09,3614.23
708,2018-12-10,3502.66
709,2018-12-11,3424.59
710,2018-12-12,3486.95
711,2018-12-13,3313.68
712,2018-12-14,3242.48
713,2018-12-15,3236.76
714,2018-12-16,3252.84
715,2018-12-17,3545.86
716,2018-12-18,3696.06
717,2018-12-19,3745.95
718,2018-12-20,4134.44
719,2018-12-21,3896.54
720,2018-12-22,4014.18
721,2018-12-23,3998.98
722,2018-12-24,4078.6
723,2018-12-25,3815.49
724,2018-12-26,3857.3
725,2018-12-27,3654.83
726,2018-12-28,3923.92
727,2018-12-29,3820.41
728,2018-12-30,3865.95
729,2018-12-31,3742.7
730,2019-01-01,3843.52
731,2019-01-02,3943.41
732,2019-01-03,3836.74
733,2019-01-04,3857.72
734,2019-01-05,3845.19
735,2019-01-06,4076.63
736,2019-01-07,4025.25
737,2019-01-08,4030.85
738,2019-01-09,4035.3
739,2019-01-10,3678.92
740,2019-01-11,3687.37
741,2019-01-12,3661.3
742,2019-01-13,3552.95
743,2019-01-14,3706.05
744,2019-01-15,3630.68
745,2019-01-16,3655.01
746,2019-01-17,3678.56
747,2019-01-18,3657.84
748,2019-01-19,3728.57
749,2019-01-20,3601.01
750,2019-01-21,3576.03
751,2019-01-22,3604.58
752,2019-01-23,3585.12
753,2019-01-24,3600.87
754,2019-01-25,3599.77
755,2019-01-26,3602.46
756,2019-01-27,3583.97
757,2019-01-28,3470.45
758,2019-01-29,3448.12
759,2019-01-30,3486.18
760,2019-01-31,3457.79
761,2019-02-01,3487.95
762,2019-02-02,3521.06
763,2019-02-03,3464.01
764,2019-02-04,3459.15
765,2019-02-05,3466.36
766,2019-02-06,3413.77
767,2019-02-07,3399.47
768,2019-02-08,3666.78
769,2019-02-09,3671.2
770,2019-02-10,3690.19
771,2019-02-11,3648.43
772,2019-02-12,3653.53
773,2019-02-13,3632.07
774,2019-02-14,3616.88
775,2019-02-15,3620.81
776,2019-02-16,3629.79
777,2019-02-17,3673.84
778,2019-02-18,3915.71
779,2019-02-19,3947.09
780,2019-02-20,3999.82
781,2019-02-21,3954.12
782,2019-02-22,4005.53
783,2019-02-23,4142.53
784,2019-02-24,3810.43
785,2019-02-25,3882.7
786,2019-02-26,3854.36
787,2019-02-27,3851.05
788,2019-02-28,3854.79
789,2019-03-01,3859.58
790,2019-03-02,3864.42
791,2019-03-03,3847.18
792,2019-03-04,3761.56
793,2019-03-05,3896.38
794,2019-03-06,3903.94
795,2019-03-07,3911.48
796,2019-03-08,3901.13
797,2019-03-09,3963.31
798,2019-03-10,3951.6
799,2019-03-11,3905.23
800,2019-03-12,3909.16
801,2019-03-13,3906.72
802,2019-03-14,3924.37
803,2019-03-15,3960.91
804,2019-03-16,4048.73
805,2019-03-17,4025.23
806,2019-03-18,4032.51
807,2019-03-19,4071.19
808,2019-03-20,4087.48
809,2019-03-21,4029.33
810,2019-03-22,4023.97
811,2019-03-23,4035.83
812,2019-03-24,4022.17
813,2019-03-25,3963.07
814,2019-03-26,3985.08
815,2019-03-27,4087.07
816,2019-03-28,4069.11
817,2019-03-29,4098.37
818,2019-03-30,4106.66
819,2019-03-31,4105.4
820,2019-04-01,4158.18
821,2019-04-02,4879.88
822,2019-04-03,4973.02
823,2019-04-04,4922.8
824,2019-04-05,5036.68
825,2019-04-06,5059.82
826,2019-04-07,5198.9
827,2019-04-08,5289.77
828,2019-04-09,5204.96
829,2019-04-10,5324.55
830,2019-04-11,5064.49
831,2019-04-12,5089.54
832,2019-04-13,5096.59
833,2019-04-14,5167.72
834,2019-04-15,5067.11
835,2019-04-16,5235.56
836,2019-04-17,5251.94
837,2019-04-18,5298.39
838,2019-04-19,5303.81
839,2019-04-20,5337.89
840,2019-04-21,5314.53
841,2019-04-22,5399.37
842,2019-04-23,5572.36
843,2019-04-24,5464.87
844,2019-04-25,5210.52
845,2019-04-26,5279.35
846,2019-04-27,5268.29
847,2019-04-28,5285.14
848,2019-04-29,5247.35
849,2019-04-30,5350.73
850,2019-05-01,5402.7
851,2019-05-02,5505.28
852,2019-05-03,5768.29
853,2019-05-04,5831.17
854,2019-05-05,5795.71
855,2019-05-06,5746.81
856,2019-05-07,5829.5
857,2019-05-08,5982.46
858,2019-05-09,6174.53
859,2019-05-10,6378.85
860,2019-05-11,7204.77
861,2019-05-12,6972.37
862,2019-05-13,7814.92
863,2019-05-14,7994.42
864,2019-05-15,8205.17
865,2019-05-16,7884.91
866,2019-05-17,7343.9
867,2019-05-18,7271.21
868,2019-05-19,8197.69
869,2019-05-20,7978.31
870,2019-05-21,7963.33
871,2019-05-22,7680.07
872,2019-05-23,7881.85
873,2019-05-24,7987.37
874,2019-05-25,8052.54
875,2019-05-26,8673.22
876,2019-05-27,8805.78
877,2019-05-28,8719.96
878,2019-05-29,8659.49
879,2019-05-30,8319.47
880,2019-05-31,8574.5
881,2019-06-01,8564.02
882,2019-06-02,8742.96
883,2019-06-03,8209.0
884,2019-06-04,7707.77
885,2019-06-05,7824.23
886,2019-06-06,7822.02
887,2019-06-07,8043.95
888,2019-06-08,7954.13
889,2019-06-09,7688.08
890,2019-06-10,8000.33
891,2019-06-11,7927.71
892,2019-06-12,8145.86
893,2019-06-13,8230.92
894,2019-06-14,8693.83
895,2019-06-15,8838.38
896,2019-06-16,8994.49
897,2019-06-17,9320.35
898,2019-06-18,9081.76
899,2019-06-19,9273.52
900,2019-06-20,9527.16
901,2019-06-21,10144.56
902,2019-06-22,10701.69
903,2019-06-23,10855.37
904,2019-06-24,11011.1
905,2019-06-25,11790.92
906,2019-06-26,13016.23
907,2019-06-27,11182.81
908,2019-06-28,12407.33
909,2019-06-29,11959.37
910,2019-06-30,10817.16
911,2019-07-01,10583.13
912,2019-07-02,10801.68
913,2019-07-03,11961.27
914,2019-07-04,11215.44
915,2019-07-05,10978.46
916,2019-07-06,11208.55
917,2019-07-07,11450.85
918,2019-07-08,12285.96
919,2019-07-09,12573.81
920,2019-07-10,12156.51
921,2019-07-11,11358.66
922,2019-07-12,11815.99
923,2019-07-13,11392.38
924,2019-07-14,10256.06
925,2019-07-15,10895.09
926,2019-07-16,9477.64
927,2019-07-17,9693.8
928,2019-07-18,10666.48
929,2019-07-19,10530.73
930,2019-07-20,10767.14
931,2019-07-21,10599.11
932,2019-07-22,10343.11
933,2019-07-23,9900.77
934,2019-07-24,9811.93
935,2019-07-25,9911.84
936,2019-07-26,9870.3
937,2019-07-27,9477.68
938,2019-07-28,9552.86
939,2019-07-29,9519.15
940,2019-07-30,9607.42
941,2019-07-31,10085.63
942,2019-08-01,10399.67
943,2019-08-02,10518.17
944,2019-08-03,10821.73
945,2019-08-04,10970.18
946,2019-08-05,11805.65
947,2019-08-06,11478.17
948,2019-08-07,11941.97
949,2019-08-08,11966.41
950,2019-08-09,11862.94
951,2019-08-10,11354.02
952,2019-08-11,11523.58
953,2019-08-12,11382.62
954,2019-08-13,10895.83
955,2019-08-14,10051.7
956,2019-08-15,10311.55
957,2019-08-16,10374.34
958,2019-08-17,10231.74
959,2019-08-18,10345.81
960,2019-08-19,10916.05
961,2019-08-20,10763.23
962,2019-08-21,10138.05
963,2019-08-22,10131.06
964,2019-08-23,10407.96
965,2019-08-24,10159.96
966,2019-08-25,10138.52
967,2019-08-26,10370.82
968,2019-08-27,10185.5
969,2019-08-28,9754.42
970,2019-08-29,9510.2
971,2019-08-30,9598.17
972,2019-08-31,9630.66
973,2019-09-01,9757.97
974,2019-09-02,10346.76
975,2019-09-03,10623.54
976,2019-09-04,10594.49
977,2019-09-05,10575.53
978,2019-09-06,10353.3
979,2019-09-07,10517.25
980,2019-09-08,10441.28
981,2019-09-09,10334.97
982,2019-09-10,10115.98
983,2019-09-11,10178.37
984,2019-09-12,10410.13
985,2019-09-13,10360.55
986,2019-09-14,10358.05
987,2019-09-15,10347.71
988,2019-09-16,10276.79
989,2019-09-17,10241.27
990,2019-09-18,10198.25
991,2019-09-19,10266.42
992,2019-09-20,10181.64
993,2019-09-21,10019.72
994,2019-09-22,10070.39
995,2019-09-23,9729.32
996,2019-09-24,8620.57
997,2019-09-25,8486.99
998,2019-09-26,8118.97
999,2019-09-27,8251.85
1000,2019-09-28,8245.92
1001,2019-09-29,8104.19
1002,2019-09-30,8293.87
1003,2019-10-01,8343.28
1004,2019-10-02,8393.04
1005,2019-10-03,8259.99
1006,2019-10-04,8205.94
1007,2019-10-05,8151.5
1008,2019-10-06,7988.16
1009,2019-10-07,8245.62
1010,2019-10-08,8228.78
1011,2019-10-09,8595.74
1012,2019-10-10,8586.47
1013,2019-10-11,8321.76
1014,2019-10-12,8336.56
1015,2019-10-13,8321.01
1016,2019-10-14,8374.69
1017,2019-10-15,8205.37
1018,2019-10-16,8047.53
1019,2019-10-17,8103.91
1020,2019-10-18,7973.21
1021,2019-10-19,7988.56
1022,2019-10-20,8222.08
1023,2019-10-21,8243.72
1024,2019-10-22,8078.2
1025,2019-10-23,7514.67
1026,2019-10-24,7493.49
1027,2019-10-25,8660.7
1028,2019-10-26,9244.97
1029,2019-10-27,9551.71
1030,2019-10-28,9256.15
1031,2019-10-29,9427.69
1032,2019-10-30,9205.73
1033,2019-10-31,9199.58
1034,2019-11-01,9261.1
1035,2019-11-02,9324.72
1036,2019-11-03,9235.35
1037,2019-11-04,9412.61
1038,2019-11-05,9342.53
1039,2019-11-06,9360.88
1040,2019-11-07,9267.56
1041,2019-11-08,8804.88
1042,2019-11-09,8813.58
1043,2019-11-10,9055.53
1044,2019-11-11,8757.79
1045,2019-11-12,8815.66
1046,2019-11-13,8808.26
1047,2019-11-14,8708.09
1048,2019-11-15,8491.99
1049,2019-11-16,8550.76
1050,2019-11-17,8577.98
1051,2019-11-18,8309.29
1052,2019-11-19,8206.15
1053,2019-11-20,8027.27
1054,2019-11-21,7642.75
1055,2019-11-22,7296.58
1056,2019-11-23,7397.8
1057,2019-11-24,7047.92
1058,2019-11-25,7146.13
1059,2019-11-26,7218.37
1060,2019-11-27,7531.66
1061,2019-11-28,7463.11
1062,2019-11-29,7761.24
1063,2019-11-30,7569.63
1064,2019-12-01,7424.29
1065,2019-12-02,7321.99
1066,2019-12-03,7320.15
1067,2019-12-04,7252.03
1068,2019-12-05,7448.31
1069,2019-12-06,7547.0
1070,2019-12-07,7556.24
1071,2019-12-08,7564.35
1072,2019-12-09,7400.9
1073,2019-12-10,7278.12
1074,2019-12-11,7217.43
1075,2019-12-12,7243.13
1076,2019-12-13,7269.68
1077,2019-12-14,7124.67
1078,2019-12-15,7152.3
1079,2019-12-16,6932.48
1080,2019-12-17,6640.52
1081,2019-12-18,7276.8
1082,2019-12-19,7202.84
1083,2019-12-20,7218.82
1084,2019-12-21,7191.16
1085,2019-12-22,7511.59
1086,2019-12-23,7355.63
1087,2019-12-24,7322.53
1088,2019-12-25,7275.16
1089,2019-12-26,7238.97
1090,2019-12-27,7290.09
1091,2019-12-28,7317.99
1092,2019-12-29,7422.65
1093,2019-12-30,7293.0
1094,2019-12-31,7193.6
1095,2020-01-01,7200.17
1096,2020-01-02,6985.47
1097,2020-01-03,7344.88
1098,2020-01-04,7410.66
1099,2020-01-05,7411.32
1100,2020-01-06,7769.22
1101,2020-01-07,8163.69
1102,2020-01-08,8079.86
1103,2020-01-09,7879.07
1104,2020-01-10,8166.55
1105,2020-01-11,8037.54
1106,2020-01-12,8192.49
1107,2020-01-13,8144.19
1108,2020-01-14,8827.76
1109,2020-01-15,8807.01
1110,2020-01-16,8723.79
1111,2020-01-17,8929.04
1112,2020-01-18,8942.81
1113,2020-01-19,8706.25
1114,2020-01-20,8657.64
1115,2020-01-21,8745.89
1116,2020-01-22,8680.88
1117,2020-01-23,8406.52
1118,2020-01-24,8445.43
1119,2020-01-25,8367.85
1120,2020-01-26,8596.83
1121,2020-01-27,8909.82
1122,2020-01-28,9358.59
1123,2020-01-29,9316.63
1124,2020-01-30,9508.99
1125,2020-01-31,9350.53
1126,2020-02-01,9392.88
1127,2020-02-02,9344.37
1128,2020-02-03,9293.52
1129,2020-02-04,9180.96
1130,2020-02-05,9613.42
1131,2020-02-06,9729.8
1132,2020-02-07,9795.94
1133,2020-02-08,9865.12
1134,2020-02-09,10116.67
1135,2020-02-10,9856.61
1136,2020-02-11,10208.24
1137,2020-02-12,10326.05
1138,2020-02-13,10214.38
1139,2020-02-14,10312.12
1140,2020-02-15,9889.42
1141,2020-02-16,9934.43
1142,2020-02-17,9690.14
1143,2020-02-18,10142.0
1144,2020-02-19,9633.39
1145,2020-02-20,9608.48
1146,2020-02-21,9686.44
1147,2020-02-22,9663.18
1148,2020-02-23,9924.52
1149,2020-02-24,9650.17
1150,2020-02-25,9341.71
1151,2020-02-26,8820.52
1152,2020-02-27,8784.49
1153,2020-02-28,8672.46
1154,2020-02-29,8599.51
1155,2020-03-01,8562.45
1156,2020-03-02,8869.67
1157,2020-03-03,8787.79
1158,2020-03-04,8755.25
1159,2020-03-05,9078.76
1160,2020-03-06,9122.55
1161,2020-03-07,8909.95
1162,2020-03-08,8108.12
1163,2020-03-09,7923.64
1164,2020-03-10,7909.73
1165,2020-03-11,7911.43
1166,2020-03-12,4970.79
1167,2020-03-13,5563.71
1168,2020-03-14,5200.37
1169,2020-03-15,5392.31
1170,2020-03-16,5014.48
1171,2020-03-17,5225.63
1172,2020-03-18,5238.44
1173,2020-03-19,6191.19
1174,2020-03-20,6198.78
1175,2020-03-21,6185.07
1176,2020-03-22,5830.25
1177,2020-03-23,6416.31
1178,2020-03-24,6734.8
1179,2020-03-25,6681.06
1180,2020-03-26,6716.44
1181,2020-03-27,6469.8
1182,2020-03-28,6242.19
1183,2020-03-29,5922.04
1184,2020-03-30,6429.84
1185,2020-03-31,6438.64
1186,2020-04-01,6606.78
1187,2020-04-02,6793.62
1188,2020-04-03,6733.39
1189,2020-04-04,6867.53
1190,2020-04-05,6791.13
1191,2020-04-06,7271.78
1192,2020-04-07,7176.41
1193,2020-04-08,7334.1
1194,2020-04-09,7302.09
1195,2020-04-10,6865.49
1196,2020-04-11,6859.08
1197,2020-04-12,6971.09
1198,2020-04-13,6845.04
1199,2020-04-14,6842.43
1200,2020-04-15,6642.11
1201,2020-04-16,7116.8
1202,2020-04-17,
1203,2020-04-18,7257.67
1204,2020-04-19,7189.42
1205,2020-04-20,6881.96
1206,2020-04-21,6880.32
1207,2020-04-22,7117.21
1208,2020-04-23,7429.72
1209,2020-04-24,7550.9
1210,2020-04-25,7569.94
1211,2020-04-26,7679.87
1212,2020-04-27,7795.6
1213,2020-04-28,7807.06
1214,2020-04-29,8801.04
1215,2020-04-30,8658.55
1216,2020-05-01,8864.77
1217,2020-05-02,8988.6
1218,2020-05-03,8897.47
1219,2020-05-04,8912.65
1220,2020-05-05,9003.07
1221,2020-05-06,9268.76
1222,2020-05-07,9951.52
1223,2020-05-08,9842.67
1224,2020-05-09,9593.9
1225,2020-05-10,8756.43
1226,2020-05-11,8601.8
1227,2020-05-12,8804.48
1228,2020-05-13,9269.99
1229,2020-05-14,9733.72
1230,2020-05-15,9328.2
1231,2020-05-16,9377.01
1232,2020-05-17,9670.74
1233,2020-05-18,9726.58
1234,2020-05-19,9729.04
1235,2020-05-20,9522.98
1236,2020-05-21,9081.76
1237,2020-05-22,9182.58
1238,2020-05-23,9209.29
1239,2020-05-24,8790.37
1240,2020-05-25,8906.93
1241,2020-05-26,8835.05
1242,2020-05-27,9181.02
1243,2020-05-28,9525.75
1244,2020-05-29,9439.12
1245,2020-05-30,9700.41
1246,2020-05-31,9461.06
1247,2020-06-01,10167.27
1248,2020-06-02,9529.8
1249,2020-06-03,9656.72
1250,2020-06-04,9800.64
1251,2020-06-05,9665.53
1252,2020-06-06,9653.68
1253,2020-06-07,9758.85
1254,2020-06-08,9771.49
1255,2020-06-09,9795.7
1256,2020-06-10,9870.09
1257,2020-06-11,9321.78
1258,2020-06-12,9480.84
1259,2020-06-13,9475.28
1260,2020-06-14,9386.79
1261,2020-06-15,9450.7
1262,2020-06-16,9538.02
1263,2020-06-17,9480.25
1264,2020-06-18,9411.84
1265,2020-06-19,9288.02
1266,2020-06-20,9332.34
1267,2020-06-21,9303.63
1268,2020-06-22,9648.72
1269,2020-06-23,9629.66
1270,2020-06-24,9313.61
1271,2020-06-25,9264.81
1272,2020-06-26,9162.92
1273,2020-06-27,9045.39
1274,2020-06-28,9143.58
1275,2020-06-29,9190.85
1276,2020-06-30,9137.99
1277,2020-07-01,9228.33
1278,2020-07-02,9123.41
1279,2020-07-03,9087.3
1280,2020-07-04,9132.49
1281,2020-07-05,9073.94
1282,2020-07-06,9375.47
1283,2020-07-07,9252.28
1284,2020-07-08,9428.33
1285,2020-07-09,9277.97
1286,2020-07-10,9278.81
1287,2020-07-11,9240.35
1288,2020-07-12,9276.5
1289,2020-07-13,9243.61
1290,2020-07-14,9243.21
1291,2020-07-15,9192.84
1292,2020-07-16,9132.23
1293,2020-07-17,9151.39
1294,2020-07-18,9159.04
1295,2020-07-19,9185.82
1296,2020-07-20,9164.23
1297,2020-07-21,9374.89
1298,2020-07-22,9525.36
1299,2020-07-23,9581.07
1300,2020-07-24,9536.89
1301,2020-07-25,9677.11
1302,2020-07-26,9905.17
1303,2020-07-27,10990.87
1304,2020-07-28,10912.82
1305,2020-07-29,11100.47
1306,2020-07-30,11111.21
1307,2020-07-31,11323.47
1308,2020-08-01,11759.59
1309,2020-08-02,11053.61
1310,2020-08-03,11246.35
1311,2020-08-04,11205.89
1312,2020-08-05,11747.02
1313,2020-08-06,11779.77
1314,2020-08-07,11601.47
1315,2020-08-08,11754.05
1316,2020-08-09,11675.74
1317,2020-08-10,11878.11
1318,2020-08-11,11410.53
1319,2020-08-12,11584.93
1320,2020-08-13,11784.14
1321,2020-08-14,11768.87
1322,2020-08-15,11865.7
1323,2020-08-16,11892.8
1324,2020-08-17,12254.4
1325,2020-08-18,11991.23
1326,2020-08-19,11758.28
1327,2020-08-20,11878.37
1328,2020-08-21,11592.49
1329,2020-08-22,11681.83
1330,2020-08-23,11664.85
1331,2020-08-24,11774.6
1332,2020-08-25,11366.13
1333,2020-08-26,11488.36
1334,2020-08-27,11323.4
1335,2020-08-28,11542.5
1336,2020-08-29,11506.87
1337,2020-08-30,11711.51
1338,2020-08-31,11680.82
1339,2020-09-01,11970.48
1340,2020-09-02,11414.03
1341,2020-09-03,10245.3
1342,2020-09-04,10511.81
1343,2020-09-05,10169.57
1344,2020-09-06,10280.35
1345,2020-09-07,10369.56
1346,2020-09-08,10131.52
1347,2020-09-09,10242.35
1348,2020-09-10,10363.14
1349,2020-09-11,10400.92
1350,2020-09-12,10442.17
1351,2020-09-13,10323.76
1352,2020-09-14,10680.84
1353,2020-09-15,10796.95
1354,2020-09-16,10974.91
1355,2020-09-17,10948.99
1356,2020-09-18,10944.59
1357,2020-09-19,11094.35
1358,2020-09-20,10938.27
1359,2020-09-21,10462.26
1360,2020-09-22,10538.46
1361,2020-09-23,10225.86
1362,2020-09-24,10745.55
1363,2020-09-25,10702.29
1364,2020-09-26,10754.44
1365,2020-09-27,10774.43
1366,2020-09-28,10721.33
1367,2020-09-29,10848.83
1368,2020-09-30,10787.62
1369,2020-10-01,10623.33
1370,2020-10-02,10585.16
1371,2020-10-03,10565.49
1372,2020-10-04,10684.43
1373,2020-10-05,10804.0
1374,2020-10-06,10621.66
1375,2020-10-07,10679.14
1376,2020-10-08,10923.63
1377,2020-10-09,
1378,2020-10-10,11296.36
1379,2020-10-11,11384.18
1380,2020-10-12,
1381,2020-10-13,
1382,2020-10-14,11429.51
1383,2020-10-15,11495.35
1384,2020-10-16,11322.12
1385,2020-10-17,11358.1
1386,2020-10-18,11483.36
1387,2020-10-19,11742.04
1388,2020-10-20,11916.33
1389,2020-10-21,12823.69
1390,2020-10-22,12965.89
1391,2020-10-23,12931.54
1392,2020-10-24,13108.06
1393,2020-10-25,13031.17
1394,2020-10-26,13075.25
1395,2020-10-27,13654.22
1396,2020-10-28,13271.29
1397,2020-10-29,13437.88
1398,2020-10-30,13546.52
1399,2020-10-31,13781.0
1400,2020-11-01,13737.11
1401,2020-11-02,13550.49
1402,2020-11-03,13950.3
1403,2020-11-04,14133.71
1404,2020-11-05,15579.85
1405,2020-11-06,15565.88
1406,2020-11-07,14833.75
1407,2020-11-08,15479.57
1408,2020-11-09,15332.32
1409,2020-11-10,15290.9
1410,2020-11-11,15701.34
1411,2020-11-12,16276.34
1412,2020-11-13,16317.81
1413,2020-11-14,16068.14
1414,2020-11-15,15955.59
1415,2020-11-16,16716.11
1416,2020-11-17,17645.41
1417,2020-11-18,17804.01
1418,2020-11-19,17817.09
1419,2020-11-20,18621.31
1420,2020-11-21,18642.23
1421,2020-11-22,18370.0
1422,2020-11-23,18364.12
1423,2020-11-24,19107.46
1424,2020-11-25,18732.12
1425,2020-11-26,17150.62
1426,2020-11-27,17108.4
1427,2020-11-28,17717.41
1428,2020-11-29,18177.48
1429,2020-11-30,19625.84
1430,2020-12-01,18803.0
1431,2020-12-02,19201.09
1432,2020-12-03,19445.4
1433,2020-12-04,18699.77
1434,2020-12-05,19154.23
1435,2020-12-06,19345.12
1436,2020-12-07,19191.63
1437,2020-12-08,18321.14
1438,2020-12-09,18553.92
1439,2020-12-10,18264.99
1440,2020-12-11,18058.9
1441,2020-12-12,18803.66
1442,2020-12-13,19142.38
1443,2020-12-14,19246.64
1444,2020-12-15,19417.08
1445,2020-12-16,21310.6
1446,2020-12-17,22805.16
1447,2020-12-18,23137.96
1448,2020-12-19,23869.83
1449,2020-12-20,23477.29
1450,2020-12-21,22803.08
1451,2020-12-22,23783.03
1452,2020-12-23,23241.35
1453,2020-12-24,23735.95
1454,2020-12-25,24664.79
1455,2020-12-26,26437.04
1456,2020-12-27,26272.29
1457,2020-12-28,27084.81
1458,2020-12-29,27362.44
1459,2020-12-30,28840.95
1460,2020-12-31,29001.72
1461,2021-01-01,29374.15
1462,2021-01-02,32127.27
1463,2021-01-03,32782.02
1464,2021-01-04,31971.91
1465,2021-01-05,33992.43
1466,2021-01-06,36824.36
1467,2021-01-07,39371.04
1468,2021-01-08,40797.61
1469,2021-01-09,40254.55
1470,2021-01-10,38356.44
1471,2021-01-11,35566.66
1472,2021-01-12,33922.96
1473,2021-01-13,37316.36
1474,2021-01-14,39187.33
1475,2021-01-15,36825.37
1476,2021-01-16,36178.14
1477,2021-01-17,35791.28
1478,2021-01-18,36630.07
1479,2021-01-19,36069.8
1480,2021-01-20,35547.75
1481,2021-01-21,30825.7
1482,2021-01-22,33005.76
1483,2021-01-23,32067.64
1484,2021-01-24,32289.38
1485,2021-01-25,32366.39
1486,2021-01-26,32569.85
1487,2021-01-27,30432.55
1488,2021-01-28,31649.61
1489,2021-01-29,34316.39
1490,2021-01-30,34269.52
1491,2021-01-31,33114.36
1492,2021-02-01,33537.18
1493,2021-02-02,35510.29
1494,2021-02-03,37472.09
1495,2021-02-04,36926.07
1496,2021-02-05,38144.31
1497,2021-02-06,39266.01
1498,2021-02-07,38903.44
1499,2021-02-08,46196.46
1500,2021-02-09,46481.11
1501,2021-02-10,44918.18
1502,2021-02-11,47909.33
1503,2021-02-12,47504.85
1504,2021-02-13,47105.52
1505,2021-02-14,48717.29
1506,2021-02-15,47945.06
1507,2021-02-16,49199.87
1508,2021-02-17,52149.01
1509,2021-02-18,51679.8
1510,2021-02-19,55888.13
1511,2021-02-20,56099.52
1512,2021-02-21,57539.95
1513,2021-02-22,54207.32
1514,2021-02-23,48824.43
1515,2021-02-24,49705.33
1516,2021-02-25,47093.85
1517,2021-02-26,46339.76
1518,2021-02-27,46188.45
1519,2021-02-28,45137.77
1520,2021-03-01,49631.24
1521,2021-03-02,48378.99
1522,2021-03-03,50538.24
1523,2021-03-04,48561.17
1524,2021-03-05,48927.3
1525,2021-03-06,48912.38
1526,2021-03-07,51206.69
1527,2021-03-08,52246.52
1528,2021-03-09,54824.12
1529,2021-03-10,56008.55
1530,2021-03-11,57805.12
1531,2021-03-12,57332.09
1532,2021-03-13,61243.09
1533,2021-03-14,59302.32
1534,2021-03-15,55907.2
1535,2021-03-16,56804.9
1536,2021-03-17,58870.89
1537,2021-03-18,57858.92
1538,2021-03-19,58346.65
1539,2021-03-20,58313.64
1540,2021-03-21,57523.42
1541,2021-03-22,54529.14
1542,2021-03-23,54738.95
1543,2021-03-24,52774.27
1544,2021-03-25,51704.16
1545,2021-03-26,55137.31
1546,2021-03-27,55973.51
1547,2021-03-28,55950.75
1548,2021-03-29,57750.2
1549,2021-03-30,58917.69
1550,2021-03-31,58918.83
1551,2021-04-01,59095.81
1552,2021-04-02,59384.31
1553,2021-04-03,57603.89
1554,2021-04-04,58758.55
1555,2021-04-05,59057.88
1556,2021-04-06,58192.36
1557,2021-04-07,56048.94
1558,2021-04-08,58323.95
1559,2021-04-09,58245.0
1560,2021-04-10,59793.23
1561,2021-04-11,60204.96
1562,2021-04-12,59893.45
1563,2021-04-13,63503.46
1564,2021-04-14,63109.7
1565,2021-04-15,63314.01
1566,2021-04-16,61572.79
1567,2021-04-17,60683.82
1568,2021-04-18,56216.18
1569,2021-04-19,55724.27
1570,2021-04-20,56473.03
1571,2021-04-21,53906.09
1572,2021-04-22,51762.27
1573,2021-04-23,51093.65
1574,2021-04-24,50050.87
1575,2021-04-25,49004.25
1576,2021-04-26,54021.75
1577,2021-04-27,55033.12
1578,2021-04-28,54824.7
1579,2021-04-29,53555.11
1580,2021-04-30,57750.18
1581,2021-05-01,57828.05
1582,2021-05-02,56631.08
1583,2021-05-03,57200.29
1584,2021-05-04,53333.54
1585,2021-05-05,57424.01
1586,2021-05-06,56396.52
1587,2021-05-07,57356.4
1588,2021-05-08,58803.78
1589,2021-05-09,58232.32
1590,2021-05-10,55859.8
1591,2021-05-11,56704.57
1592,2021-05-12,49150.54
1593,2021-05-13,49716.19
1594,2021-05-14,49880.54
1595,2021-05-15,46760.19
1596,2021-05-16,46456.06
1597,2021-05-17,43537.51
1598,2021-05-18,42909.4
1599,2021-05-19,37002.44
1600,2021-05-20,40782.74
1601,2021-05-21,37304.69
1602,2021-05-22,37536.63
1603,2021-05-23,34770.58
1604,2021-05-24,38705.98
1605,2021-05-25,38402.22
1606,2021-05-26,39294.2
1607,2021-05-27,38436.97
1608,2021-05-28,35697.61
1609,2021-05-29,34616.07
1610,2021-05-30,35678.13
1611,2021-05-31,37332.86
1612,2021-06-01,36684.93
1613,2021-06-02,37575.18
1614,2021-06-03,39208.77
1615,2021-06-04,36894.41
1616,2021-06-05,35551.96
1617,2021-06-06,35862.38
1618,2021-06-07,33560.71
1619,2021-06-08,33472.63
1620,2021-06-09,37345.12
1621,2021-06-10,36702.6
1622,2021-06-11,37334.4
1623,2021-06-12,35552.52
1624,2021-06-13,39097.86
1625,2021-06-14,40218.48
1626,2021-06-15,40406.27
1627,2021-06-16,38347.06
1628,2021-06-17,38053.5
1629,2021-06-18,35787.25
1630,2021-06-19,35615.87
1631,2021-06-20,35698.3
1632,2021-06-21,31676.69
1633,2021-06-22,32505.66
1634,2021-06-23,33723.03
1635,2021-06-24,34662.44
1636,2021-06-25,31637.78
1637,2021-06-26,32186.28
1638,2021-06-27,34649.64
1639,2021-06-28,34434.34
1640,2021-06-29,35867.78
1641,2021-06-30,35040.84
1642,2021-07-01,33572.12
1643,2021-07-02,33897.05
1644,2021-07-03,34668.55
1645,2021-07-04,35287.78
1646,2021-07-05,33746.0
1647,2021-07-06,34235.2
1648,2021-07-07,33855.33
1649,2021-07-08,32877.37
1650,2021-07-09,33798.01
1651,2021-07-10,33520.52
1652,2021-07-11,34240.19
1653,2021-07-12,33155.85
1654,2021-07-13,32702.03
1655,2021-07-14,32822.35
1656,2021-07-15,31780.73
1657,2021-07-16,31421.54
1658,2021-07-17,31533.07
1659,2021-07-18,31796.81
1660,2021-07-19,30817.83
1661,2021-07-20,29807.35
1662,2021-07-21,32110.69
1663,2021-07-22,32313.11
1664,2021-07-23,33581.55
1665,2021-07-24,34292.45
1666,2021-07-25,35350.19
1667,2021-07-26,37337.54
1668,2021-07-27,39406.94
1669,2021-07-28,39995.91
1670,2021-07-29,40008.42
1671,2021-07-30,42235.55
1672,2021-07-31,41626.2
1673,2021-08-01,39974.89
1674,2021-08-02,39201.95
1675,2021-08-03,38152.98
1676,2021-08-04,39747.5
1677,2021-08-05,40869.55
1678,2021-08-06,42816.5
1679,2021-08-07,44555.8
1680,2021-08-08,43798.12
1681,2021-08-09,46365.4
1682,2021-08-10,45585.03
1683,2021-08-11,45593.64
1684,2021-08-12,44428.29
1685,2021-08-13,47793.32
1686,2021-08-14,47096.95
1687,2021-08-15,47047.0
1688,2021-08-16,46004.48
1689,2021-08-17,44695.36
1690,2021-08-18,44801.19
1691,2021-08-19,46717.58
1692,2021-08-20,49339.18
1693,2021-08-21,48905.49
1694,2021-08-22,49321.65
1695,2021-08-23,49546.15
1696,2021-08-24,47706.12
1697,2021-08-25,48711.31
1698,2021-08-26,47131.0
1699,2021-08-27,49006.0
1700,2021-08-28,48864.0
1701,2021-08-29,48877.0
1702,2021-08-30,47021.0
1703,2021-08-31,47225.0
1704,2021-09-01,48745.0
1705,2021-09-02,49319.0
1706,2021-09-03,49988.0
1707,2021-09-04,49974.0
1708,2021-09-05,51699.0
1709,2021-09-06,52639.0
1710,2021-09-07,46882.0
1711,2021-09-08,45973.0
1712,2021-09-09,46320.0
1713,2021-09-10,44833.0
1714,2021-09-11,45096.0
1715,2021-09-12,46058.0
1716,2021-09-13,44990.0
1717,2021-09-14,47013.0
1718,2021-09-15,48093.0
1719,2021-09-16,47816.0
1720,2021-09-17,47198.0
1721,2021-09-18,48211.0
1722,2021-09-19,47202.0
1723,2021-09-20,42966.0
1724,2021-09-21,40538.0
1725,2021-09-22,43580.0
1726,2021-09-23,44844.0
1727,2021-09-24,42748.0
1728,2021-09-25,42719.0
1729,2021-09-26,43210.0
1730,2021-09-27,42278.0
1731,2021-09-28,40909.0
1732,2021-09-29,41544.0
1733,2021-09-30,43798.0
1734,2021-10-01,48080.0
1735,2021-10-02,47711.0
1736,2021-10-03,48144.0
1737,2021-10-04,49177.0
1738,2021-10-05,51545.0
1739,2021-10-06,55385.0
1740,2021-10-07,53809.0
1741,2021-10-08,53893.0
1742,2021-10-09,55102.0
1743,2021-10-10,54690.0
1744,2021-10-11,57399.0
1745,2021-10-12,56036.0
1746,2021-10-13,57358.0
1747,2021-10-14,57352.0
1748,2021-10-15,61526.0
1749,2021-10-16,60861.0
1750,2021-10-17,61582.0
1751,2021-10-18,61953.0
1752,2021-10-19,64217.0
1753,2021-10-20,65986.0
1754,2021-10-21,62298.0
1755,2021-10-22,60694.0
1756,2021-10-23,61239.0
1757,2021-10-24,60850.0
1758,2021-10-25,62990.0
1759,2021-10-26,60396.0
1760,2021-10-27,58681.0
